Keyword,Intent,Volume,Keyword Difficulty,CPC (USD),SERP Features
extract table from pdf,Informational,590,20,3.77,"Sitelinks, Image pack, Video, Related searches, Ads bottom, Ads middle"
extract table data from pdf,Informational,260,12,3.77,"Sitelinks, Image pack, Video, Related searches"
extract tables from pdf,Informational,260,5,3.77,"Sitelinks, Image pack, Video, Related searches, Ads top"
extract table from pdf to excel,Informational,110,52,4.07,"Featured snippet, Sitelinks, Video, Related searches"
extract table data from pdf to excel,,70,36,4.07,"Sitelinks, Video, Discussions and forums, Related searches"
how to extract table from pdf,Informational,70,23,2.85,"Sitelinks, AI Overview, Image pack, Video, People also ask, Related searches, Ads bottom, Ads middle"
extract a table from pdf,Informational,40,13,3.77,"Sitelinks, AI Overview, Image pack, Video, People also ask, Related searches"
extract tables from pdf to excel,Commercial,30,25,2.26,"Sitelinks, AI Overview, Video, Related searches, Ads bottom, Ads middle"
extracting tables from pdf,"Informational, Commercial",30,14,3.77,"Sitelinks, AI Overview, Video, Related searches, Ads top"
excel extract table from pdf,,20,,0.00,
extract data from pdf table,,20,,4.37,
extract data from pdf table to excel,,20,,0.00,
extract excel table from pdf,,20,,0.00,
extract table from a pdf,,20,,4.21,
extract table from pdf file,,20,,0.00,
